[
    {
        "name": "Arunca-mă",
        "artist": "Delia",
        "album": "7",
        "url": "../media/songs/Delia - Arunca-ma _ Official Video (320 kbps).mp3",
        "cover_art_url": "../media/album-art/delia.png"
        
    },
    {
        "name": "N-avem timp",
        "artist": "Irina Rimes",
        "album": "N-avem timp",
        "url": "../media/songs/Irina Rimes - N-avem timp _ Official Video (320 kbps).mp3",
        "cover_art_url": "../media/album-art/irina.png"
        
    },
    {
        "name": "Zi Merci",
        "artist": "MIRA",
        "album": "MiraDivina",
        "url": "../media/songs/MIRA - Zi Merci _ Official Video (320 kbps).mp3",
        "cover_art_url": "../media/album-art/mira.jpg"
        
    }

]
